Account,Count
2ndImpactInc,73
_IRON_SOLDIER_,58
Pault040264,49
fitmealsindia,27
CaraghEvansPT,26
XCEL_PT,26
DeluxeFuel,25
PJMC2LTD,25
nick_krontiris,21
Hhealthteas,13
wchazz,13
GarciniaReview,12
PenniReichenbac,11
trailswesttrad,10
DAAKIofficial,9
LeahsGutPlan,8
RoebuckPt,8
ShopperThink1,8
LOVELIKEREDWINE,7
MuscleXp,7
Ngozi749,7
SupraSonicIrish,7
origboxermum,7
ASoso,6
MMGHouston,6
MatthewWPryor,6
iLoveToKickBox,6
joesjourney2fit,6
ChicGalleria,5
DebDendinger,5
ehehealth,5
jmccagherty,5
livingHIdeas,5
Clarabella590,4
CocoLexDrink,4
LayzieBone085,4
Red_Stronger_,4
StudiosatPBF,4
clubXmiami,4
lindsayfoster34,4
swingoutsisters,4
ChiRedButter,3
Coatsaviator,3
Manpower_FN,3
Miller38Sm,3
MrKomick,3
Ophthal_Therapy,3
PTJR5,3
SportCenter2017,3
ThinkTank313,3
botmachina,3
mwal1ssa,3
nikikrastev0,3
E3_strength,2
ExerciseJobs,2
FitMaryam,2
HarriganKevin,2
JefferyNutr,2
SamanthaDawn37,2
manderton20,2
onealbfit,2
92_lane,1
Aesthetics_Bot1,1
AlMcAlMcAl,1
Alisha_kateXx,1
ChicBoxing,1
ChristinaNicchi,1
CptYi,1
DocLorencio,1
FitSpaceNYC,1
HelsMyatt,1
Kath4te,1
LadybellBell,1
MoussetWendy,1
Mrsnaranjo87,1
NewLifeme_,1
NikkiZaffino,1
NutriCoach01,1
SurvivalnCross,1
UrbanGreenPac,1
YrDigitalSpace,1
_Thediamondman,1
_TonyStorm,1
adamdarcy87,1
akadolce,1
coreyscyffore,1
hapizekelate,1
jmr_buddy,1
lettzy23,1
littlebits373,1
lukedotsey,1
maddiehenry16,1
microdosinghgh,1
mikkey_g,1
msjennaay,1
officialdoublea,1
rocketgirl3721,1
stelordbone,1
vivinationfit,1
